{"cameraMode":{"drawMode":0,"name":"Shaded","section":"Shading Mode"},"sceneLighting":true,"audioPlay":false,"sceneViewState":{"showFog":true,"showMaterialUpdate":false,"showSkybox":true,"showFlares":true,"showImageEffects":true,"showParticleSystems":true},"in2DMode":false,"pivot":{"x":96.98422241210938,"y":32.96331787109375,"z":139.6856231689453},"rotation":{"x":0.09869981557130814,"y":-0.3622916340827942,"z":-0.03865029290318489,"w":-0.9260917901992798},"size":89.46631622314453,"orthographic":false}